,156,172,D.156.DELTA,D.171.ISIRR,performanceratio,relativehumidity,dni_instant,gti_instant,gni_backwards,gni_instant,moduletemperature_backwards,extraterrestrialradiation_instant,clearskyshortwave_instant,felttemperature,precipitation,ghi_backwards,pictocode,gti_backwards,isdaylight,snowfraction,convective_precipitation,dif_backwards,pvpower_instant,snowcover,winddirection,directshortwaveradiation_backwards,directshortwaveradiation_instant,windspeed,iam_backwards,ghi_instant,dni_backwards,clearskyshortwave_backwards,dif_instant,moduletemperature_instant,precipitation_probability,iam_instant,uvindex,temperature,pvpower_backwards,rainspot,sealevelpressure,extraterrestrialradiation_backwards
2025-06-16 00:00:00,65385372.0,16.342,0.0,2.413,0.43,71,0.0,0.0,0.0,0.0,16.52,0.0,0.0,14.85,0.0,0.0,1,0.0,0,0.0,0.0,0.0,0.0,0.0,319,0.0,0.0,1.81,0.0,0.0,0.0,0.0,0.0,16.52,0,0.0,0,15.9,0.0,0000000000000000000000000000000000000000000000000,1016.87,0.0
2025-06-16 01:00:00,65385372.0,15.304,0.0,2.415,0.43,80,0.0,0.0,0.0,0.0,16.5,0.0,0.0,13.53,0.0,0.0,13,0.0,0,0.0,0.0,0.0,0.0,0.0,322,0.0,0.0,1.78,0.0,0.0,0.0,0.0,0.0,15.2,0,0.0,0,14.44,0.0,0000000000000000000000000000000000000000000000000,1016.69,0.0
2025-06-16 02:00:00,65385376.0,14.932,4.0,8.693,0.43,88,0.0,0.0,0.0,0.0,15.19,0.0,0.0,12.6,0.0,0.0,13,0.0,1,0.0,0.0,0.0,0.0,0.0,313,0.0,0.0,1.6,0.0,0.0,0.0,0.0,0.0,14.37,0,0.0,0,13.28,0.0,0000000000000000000000000000000000000000000000000,1016.52,0.0
2025-06-16 03:00:00,65385488.0,17.118,112.0,48.904,0.43,96,212.08,3.71,48.0,230.25,14.49,107.85,31.31,11.94,0.0,4.68,13,0.84,1,0.0,0.0,0.86,0.01,0.0,308,3.83,18.48,1.49,0.0,22.27,43.94,6.68,3.79,14.34,0,0.0,0,12.4,0.0,0000000000000000000000000000000000000000000000000,1016.34,28.35
2025-06-16 04:00:00,65385844.0,22.848,356.0,147.471,0.43,86,374.52,75.65,392.6,506.67,16.06,329.56,168.45,14.49,0.0,82.35,13,25.48,1,0.0,0.0,29.22,0.19,0.0,315,53.13,93.21,1.26,0.04,158.6,311.69,95.98,65.39,20.61,0,0.28,0,14.63,0.06,0000000000000000000000000000000000000000000000000,1016.42,219.69
2025-06-16 05:00:00,65386944.0,27.655,1100.0,336.873,0.54,72,486.22,273.48,609.58,706.31,23.21,553.98,344.69,17.33,0.0,250.09,4,171.42,1,0.0,0.0,103.81,0.89,0.0,336,146.29,203.42,2.05,0.58,344.69,431.67,254.36,141.27,27.67,0,0.77,0,17.87,0.49,0000000000000000000000000000000000000000000000000,1016.5,444.06
2025-06-16 06:00:00,65388660.0,27.506,1716.0,537.99,0.63,56,587.35,506.96,794.68,875.17,30.58,765.84,548.56,20.18,0.0,447.48,1,390.17,1,0.0,0.0,176.18,1.89,0.0,352,271.3,339.7,2.98,0.85,548.56,538.88,447.48,208.86,35.35,0,0.9,1,21.47,1.4,0000000000000000000000000000000000000000000000000,1016.58,663.35
2025-06-16 07:00:00,65390976.0,28.388,2316.0,721.264,0.64,46,650.0,722.26,929.79,976.67,37.91,950.7,723.91,22.33,0.0,639.52,1,618.03,1,0.0,0.0,234.61,2.77,0.0,359,404.91,466.68,3.9,0.92,723.91,620.44,639.52,257.23,41.24,0,0.94,2,24.0,2.35,0000000000000000000000000000000000000000000000000,1016.35,862.62
2025-06-16 08:00:00,65394008.0,29.568,3032.0,877.821,0.64,41,677.95,880.9,999.42,1015.81,43.08,1095.96,844.26,24.11,0.0,788.71,1,807.27,1,0.0,0.0,271.64,3.37,0.0,357,517.07,561.13,3.82,0.94,844.26,665.5,788.71,283.13,45.9,0,0.95,4,25.23,3.1,0000000000000000000000000000000000000000000000000,1016.11,1028.29
2025-06-16 09:00:00,65397004.0,30.048,2996.0,972.227,0.64,39,694.79,986.32,1025.4,1030.94,47.15,1191.73,922.57,25.64,0.0,888.19,1,939.71,1,0.0,0.0,291.29,3.76,0.0,349,596.89,625.32,3.7,0.95,922.57,687.7,888.19,297.25,49.13,0,0.95,6,26.13,3.6,0000000000000000000000000000000000000000000000000,1015.88,1149.09
2025-06-16 10:00:00,65400088.0,30.98,3084.0,1008.926,0.64,38,698.2,1025.83,1031.31,1029.65,49.65,1231.5,950.38,26.28,0.0,941.1,1,1012.23,1,0.0,0.0,299.97,3.9,0.0,340,641.13,649.36,3.97,0.95,950.38,697.68,941.1,301.01,50.05,0,0.95,7,26.73,3.85,0000000000000000000000000000000000000000000000000,1015.57,1216.79
2025-06-16 11:00:00,65403048.0,31.849,2960.0,972.272,0.64,35,688.0,995.08,1024.65,1018.23,49.83,1212.55,925.61,26.94,0.0,942.13,1,1016.01,1,0.0,0.0,299.01,3.78,0.0,335,643.12,630.03,4.04,0.95,925.61,694.14,942.13,295.58,49.97,0,0.95,7,27.5,3.87,0000000000000000000000000000000000000000000000000,1015.25,1226.77
2025-06-16 12:00:00,65405992.0,32.648,2944.0,877.337,0.64,33,663.34,896.79,1006.45,992.3,49.01,1136.18,849.33,27.1,0.0,890.76,1,950.21,1,0.0,0.0,288.57,3.41,0.0,329,602.2,569.19,3.95,0.95,849.33,676.54,890.76,280.13,48.49,0,0.95,7,28.03,3.62,0000000000000000000000000000000000000000000000000,1014.94,1178.36
2025-06-16 13:00:00,65408056.0,33.014,2064.0,668.225,0.64,30,625.47,743.77,970.06,944.22,46.89,1007.6,729.45,27.45,0.0,791.6,1,822.88,1,0.0,0.0,267.59,2.82,0.0,323,524.01,475.96,3.44,0.95,729.45,645.14,791.6,253.49,46.54,0,0.94,6,28.7,3.14,0000000000000000000000000000000000000000000000000,1014.59,1074.85
2025-06-16 14:00:00,65409592.0,33.846,1536.0,496.541,0.63,32,566.69,543.89,898.17,851.35,44.31,835.56,568.67,27.29,0.0,649.6,1,643.35,1,0.0,0.0,232.94,2.03,0.0,311,416.65,357.61,3.14,0.93,568.67,596.59,649.6,211.06,42.58,0,0.92,4,28.8,2.43,0000000000000000000000000000000000000000000000000,1014.25,923.32
2025-06-16 15:00:00,65410432.0,34.714,840.0,287.324,0.57,35,506.07,341.92,800.52,744.95,40.24,631.79,401.89,27.26,0.0,485.11,4,441.88,1,0.0,0.0,186.43,1.17,0.0,299,298.69,241.47,3.06,0.89,401.89,537.35,485.11,160.42,38.06,0,0.84,3,28.83,1.6,0000000000000000000000000000000000000000000000000,1013.9,734.07
2025-06-16 16:00:00,65410712.0,35.024,280.0,107.921,0.43,38,418.62,143.22,668.85,588.8,35.53,410.18,227.69,27.12,0.0,311.56,1,238.78,1,0.0,0.0,128.36,0.37,0.0,288,183.21,129.68,2.92,0.72,225.6,463.4,312.28,95.92,32.78,0,0.54,1,28.23,0.73,0000000000000000000000000000000000000000000000000,1013.97,520.01
2025-06-16 17:00:00,65410748.0,30.807,36.0,24.513,0.43,43,278.5,22.21,485.22,376.94,30.44,185.82,73.17,27.29,0.0,141.43,1,65.45,1,0.0,0.0,60.34,0.06,0.0,271,81.09,39.09,1.61,0.18,68.53,354.26,146.23,29.45,29.44,0,0.0,0,27.23,0.17,0000000000000000000000000000000000000000000000000,1014.05,295.72
2025-06-16 18:00:00,65410748.0,23.561,0.0,2.563,0.43,49,0.0,0.0,174.75,0.0,28.18,0.0,0.0,25.73,0.0,24.17,1,8.36,1,0.0,0.0,11.09,0.0,0.0,246,13.08,0.0,1.35,0.0,0.0,126.16,24.67,0.0,26.16,0,0.0,0,25.37,0.02,0000000000000000000000000000000000000000000000000,1014.12,78.38
2025-06-16 19:00:00,65410748.0,20.616,0.0,2.483,0.43,56,0.0,0.0,0.0,0.0,26.13,0.0,0.0,23.73,0.0,0.0,1,0.0,0,0.0,0.0,0.0,0.0,0.0,233,0.0,0.0,1.45,0.0,0.0,0.0,0.0,0.0,24.16,0,0.0,0,23.4,0.0,0000000000000000000000000000000000000000000000000,1014.42,0.0
2025-06-16 20:00:00,65410748.0,19.855,0.0,2.483,0.43,60,0.0,0.0,0.0,0.0,24.13,0.0,0.0,22.0,0.0,0.0,1,0.0,0,0.0,0.0,0.0,0.0,0.0,243,0.0,0.0,1.48,0.0,0.0,0.0,0.0,0.0,22.63,0,0.0,0,21.83,0.0,0000000000000000000000000000000000000000000000000,1014.72,0.0
2025-06-16 21:00:00,65410748.0,19.347,0.0,2.475,0.43,62,0.0,0.0,0.0,0.0,22.61,0.0,0.0,20.79,0.0,0.0,1,0.0,0,0.0,0.0,0.0,0.0,0.0,259,0.0,0.0,1.34,0.0,0.0,0.0,0.0,0.0,21.77,0,0.0,0,20.7,0.0,0000000000000000000000000000000000000000000000000,1015.02,0.0
2025-06-16 22:00:00,65410748.0,20.022,0.0,2.473,0.43,67,0.0,0.0,0.0,0.0,21.75,0.0,0.0,19.55,0.0,0.0,1,0.0,0,0.0,0.0,0.0,0.0,0.0,272,0.0,0.0,1.4,0.0,0.0,0.0,0.0,0.0,20.55,0,0.0,0,19.5,0.0,0000000000000000000000000000000000000000000000000,1015.21,0.0
2025-06-16 23:00:00,65410748.0,18.343,0.0,2.48,0.43,72,0.0,0.0,0.0,0.0,20.53,0.0,0.0,18.2,0.0,0.0,1,0.0,0,0.0,0.0,0.0,0.0,0.0,287,0.0,0.0,1.61,0.0,0.0,0.0,0.0,0.0,19.06,0,0.0,0,18.27,0.0,0000000000000000000000000000000000000000000000000,1015.39,0.0
2025-06-17 00:00:00,65410748.0,17.261,0.0,2.472,0.43,81,0.0,0.0,0.0,0.0,19.03,0.0,0.0,16.55,0.0,0.0,4,0.0,0,0.0,0.0,0.0,0.0,0.0,321,0.0,0.0,1.87,0.0,0.0,0.0,0.0,0.0,17.19,0,0.0,0,16.7,0.0,0000000000000000000000000000000000000000000000000,1015.58,0.0
2025-06-17 01:00:00,65410748.0,16.503,0.0,2.473,0.43,87,0.0,0.0,0.0,0.0,17.19,0.0,0.0,16.28,0.0,0.0,13,0.0,0,0.0,0.0,0.0,0.0,0.0,355,0.0,0.0,1.12,0.0,0.0,0.0,0.0,0.0,17.55,0,0.0,0,15.87,0.0,0000000000000000000000000000000000000000000000000,1015.7,0.0
2025-06-17 02:00:00,65410756.0,16.498,8.0,9.816,0.43,91,0.0,0.0,0.0,0.0,17.53,0.0,0.0,15.0,0.0,0.0,14,0.0,1,0.0,0.0,0.0,0.0,0.0,352,0.0,0.0,1.41,0.0,0.0,0.0,0.0,0.0,16.16,0,0.0,0,14.87,0.0,0000000000000000000000000000000000000000000000000,1015.81,0.0
2025-06-17 03:00:00,65410860.0,19.279,104.0,47.554,0.43,88,179.57,7.35,49.71,231.75,16.32,107.56,31.2,15.48,0.0,5.3,14,1.51,1,0.0,0.0,1.94,0.02,0.0,353,3.36,15.65,1.44,0.0,25.07,38.52,6.64,9.42,17.29,0,0.0,0,15.37,0.0,0000000000000000000000000000000000000000000000000,1015.93,28.22
2025-06-17 04:00:00,65411200.0,24.326,340.0,147.023,0.43,82,425.97,93.08,417.55,585.68,19.31,329.15,189.36,16.65,0.0,96.59,14,35.82,1,0.0,0.0,42.27,0.24,0.0,359,54.32,105.9,1.49,0.04,189.36,308.76,99.69,83.46,22.92,0,0.28,0,16.53,0.09,0000000000000000000000000000000000000000000000000,1016.18,219.33
2025-06-17 05:00:00,65412316.0,28.994,1116.0,340.375,0.54,70,526.25,295.03,680.9,760.94,25.55,553.5,372.84,19.27,0.0,282.23,1,193.16,1,0.0,0.0,119.48,0.95,0.0,0,162.75,220.01,2.34,0.58,372.84,481.55,282.23,152.83,29.64,0,0.77,0,19.6,0.54,0000000000000000000000000000000000000000000000000,1016.43,443.6
2025-06-17 06:00:00,65414056.0,29.471,1740.0,538.361,0.62,55,610.69,526.04,839.31,908.15,32.5,765.35,570.13,22.08,0.0,473.5,1,411.79,1,0.0,0.0,186.5,1.95,0.0,2,287.01,353.03,2.62,0.85,570.13,571.01,473.5,217.1,37.76,0,0.9,1,22.8,1.46,0000000000000000000000000000000000000000000000000,1016.68,662.86
2025-06-17 07:00:00,65416384.0,30.566,2328.0,724.471,0.64,45,649.21,720.87,946.14,975.52,40.03,950.26,722.85,24.33,0.0,650.77,1,628.11,1,0.0,0.0,238.82,2.75,0.0,6,411.95,465.97,3.98,0.92,722.85,631.91,650.77,256.88,42.72,0,0.94,3,25.73,2.37,0000000000000000000000000000000000000000000000000,1016.68,862.15
2025-06-17 08:00:00,65419116.0,31.611,2732.0,876.021,0.64,39,678.09,880.63,998.95,1015.99,44.57,1095.63,844.33,26.35,0.0,788.2,1,806.42,1,0.0,0.0,271.48,3.36,0.0,7,516.71,561.16,4.28,0.94,844.33,665.18,788.2,283.18,47.27,0,0.95,4,27.43,3.08,0000000000000000000000000000000000000000000000000,1016.68,1027.91
2025-06-17 09:00:00,65422380.0,32.59,3264.0,970.581,0.64,38,694.85,986.1,1025.54,1031.02,48.52,1191.56,922.66,28.14,0.0,888.27,4,939.47,1,0.0,0.0,291.33,3.74,0.0,5,596.94,625.38,4.2,0.95,922.66,687.8,888.27,297.28,50.62,0,0.95,6,28.53,3.58,0000000000000000000000000000000000000000000000000,1016.68,1148.84
2025-06-17 10:00:00,65425408.0,33.548,3028.0,993.689,0.64,36,698.17,1025.67,1031.31,1029.57,51.16,1231.53,950.47,29.05,0.0,941.18,4,1012.04,1,0.0,0.0,299.98,3.88,0.0,3,641.21,649.45,3.97,0.95,950.47,697.69,941.18,301.01,52.23,0,0.95,8,29.03,3.84,0000000000000000000000000000000000000000000000000,1016.56,1216.71
2025-06-17 11:00:00,65428312.0,34.009,2904.0,953.845,0.64,35,687.89,995.0,1024.49,1018.0,52.01,1212.8,925.71,29.4,0.0,942.22,1,1015.88,1,0.0,0.0,298.99,3.76,0.0,358,643.22,630.16,4.13,0.95,925.71,694.07,942.22,295.56,51.76,0,0.95,8,29.53,3.84,0000000000000000000000000000000000000000000000000,1016.43,1226.9
2025-06-17 12:00:00,65430928.0,34.384,2616.0,849.108,0.64,34,663.13,896.78,1006.15,991.95,50.79,1136.66,849.44,29.53,0.0,890.87,1,950.16,1,0.0,0.0,288.54,3.4,0.0,357,602.33,569.35,4.09,0.95,849.44,676.38,890.87,280.1,50.06,0,0.95,8,29.93,3.6,0000000000000000000000000000000000000000000000000,1016.31,1178.72
2025-06-17 13:00:00,65433288.0,34.886,2360.0,688.828,0.64,34,625.96,744.75,970.23,944.89,48.46,1008.3,730.51,29.39,0.0,792.21,4,823.4,1,0.0,0.0,267.71,2.82,0.0,355,524.5,476.74,4.3,0.95,730.51,645.3,792.21,253.77,46.82,0,0.94,6,30.37,3.12,0000000000000000000000000000000000000000000000000,1015.98,1075.45
2025-06-17 14:00:00,65434792.0,35.051,1504.0,487.945,0.62,34,573.33,550.68,903.55,860.97,44.7,836.47,575.91,29.67,0.0,654.07,1,647.63,1,0.0,0.0,234.48,2.05,0.0,356,419.6,362.24,3.71,0.93,575.91,600.29,654.07,213.67,43.68,0,0.92,4,30.67,2.44,0000000000000000000000000000000000000000000000000,1015.66,924.12
2025-06-17 15:00:00,65435584.0,36.193,792.0,276.916,0.57,35,506.54,342.87,805.48,745.77,41.25,632.87,402.91,29.4,0.0,488.9,1,445.36,1,0.0,0.0,187.8,1.17,0.0,353,301.11,242.15,3.28,0.89,402.91,540.76,488.9,160.76,39.42,0,0.84,3,30.6,1.61,0000000000000000000000000000000000000000000000000,1015.33,735.06
2025-06-17 16:00:00,65435808.0,34.278,224.0,89.062,0.43,38,419.23,144.08,669.78,589.85,36.89,411.38,228.64,29.26,0.0,312.57,1,239.7,1,0.0,0.0,128.73,0.37,0.0,353,183.84,130.27,2.98,0.72,226.58,463.93,313.26,96.31,34.29,0,0.54,1,29.9,0.73,0000000000000000000000000000000000000000000000000,1015.7,521.15
2025-06-17 17:00:00,65435844.0,29.613,36.0,20.155,0.43,46,280.79,23.67,488.44,382.23,31.95,187.08,73.94,28.15,0.0,143.63,1,67.01,1,0.0,0.0,61.89,0.06,0.0,0,81.74,39.68,2.46,0.19,70.87,355.77,147.13,31.19,28.96,0,0.0,0,28.03,0.17,0000000000000000000000000000000000000000000000000,1016.07,296.95
2025-06-17 18:00:00,65435844.0,25.9,0.0,2.523,0.43,57,0.0,0.0,176.5,0.0,27.64,0.0,0.0,26.49,0.0,24.65,4,8.59,1,0.0,0.0,11.38,0.0,0.0,2,13.27,0.0,2.0,0.0,0.0,127.21,24.98,0.0,25.41,7,0.0,0,25.63,0.02,0000000000000000000000000000000000000000000000000,1016.44,79.48
2025-06-17 19:00:00,65435844.0,24.196,0.0,2.515,0.43,67,0.0,0.0,0.0,0.0,25.36,0.0,0.0,24.09,0.0,0.0,8,0.0,0,0.0,0.0,0.0,0.0,0.0,9,0.0,0.0,2.46,0.0,0.0,0.0,0.0,0.0,22.55,7,0.0,0,23.33,0.0,0000000000000000000000000000000000000000000000000,1017.11,0.0
2025-06-17 20:00:00,65435844.0,23.65,0.0,2.511,0.43,73,0.0,0.0,0.0,0.0,22.49,0.0,0.0,21.69,0.0,0.0,12,0.0,0,0.0,0.0,0.0,0.0,0.0,18,0.0,0.0,3.94,0.0,0.0,0.0,0.0,0.0,19.02,7,0.0,0,22.0,0.0,0000000000000000000000000000000000000000000000000,1017.79,0.0
2025-06-17 21:00:00,65435844.0,23.451,0.0,2.529,0.43,79,0.0,0.0,0.0,0.0,19.0,0.0,0.0,20.97,0.0,0.0,6,0.0,0,0.0,0.0,0.0,0.0,0.0,20,0.0,0.0,4.23,0.0,0.0,0.0,0.0,0.0,17.86,7,0.0,0,21.23,0.0,0000000000000000000000000000000000000000000000000,1018.46,0.0
2025-06-17 22:00:00,65435844.0,22.858,0.0,2.525,0.43,82,0.0,0.0,0.0,0.0,17.86,0.0,0.0,20.62,0.0,0.0,12,0.0,0,0.0,0.0,0.0,0.0,0.0,21,0.0,0.0,4.13,0.0,0.0,0.0,0.0,0.0,17.58,7,0.0,0,20.77,0.0,0000000000000000000000000000000000000000009000000,1018.83,0.0
2025-06-17 23:00:00,65435844.0,22.25,0.0,2.516,0.43,83,0.0,0.0,0.0,0.0,17.57,0.0,0.0,19.99,0.0,0.0,6,0.0,0,0.0,0.0,0.0,0.0,0.0,20,0.0,0.0,4.28,0.0,0.0,0.0,0.0,0.0,16.93,7,0.0,0,20.34,0.0,0000000000000000000000000000000000099000001119999,1019.21,0.0
2025-06-18 00:00:00,65435844.0,21.695,0.0,2.514,0.43,83,0.0,0.0,0.0,0.0,16.95,0.0,0.0,19.89,0.0,0.0,9,0.0,0,0.0,0.0,0.0,0.0,0.0,19,0.0,0.0,3.36,0.0,0.0,0.0,0.0,0.0,17.81,7,0.0,0,19.77,0.0,0000000000000000000000000000000000009999990999119,1019.58,0.0
2025-06-18 01:00:00,65435844.0,21.02,0.0,2.506,0.43,84,0.0,0.0,0.0,0.0,17.82,0.0,0.0,19.29,0.0,0.0,6,0.0,0,0.0,0.0,0.0,0.0,0.0,17,0.0,0.0,2.82,0.0,0.0,0.0,0.0,0.0,17.93,0,0.0,0,19.03,0.0,0000000000000000000000000000000000000000000000000,1019.64,0.0
2025-06-18 02:00:00,65435844.0,21.014,0.0,6.289,0.43,86,0.0,0.0,0.0,0.0,17.92,0.0,0.0,18.28,0.0,0.0,20,0.0,1,0.0,0.0,0.0,0.0,0.0,16,0.0,0.0,2.66,0.0,0.0,0.0,0.0,0.0,17.34,0,0.0,0,18.13,0.0,0000000000000000000000000000000000000000000000000,1019.69,0.0
2025-06-18 03:00:00,65435952.0,21.584,108.0,47.823,0.43,86,149.03,5.91,38.19,177.08,17.44,107.27,31.09,17.77,0.0,4.1,7,1.21,1,0.0,0.0,1.33,0.02,0.0,16,2.77,12.99,2.79,0.0,19.32,31.74,6.61,6.33,17.39,0,0.0,0,17.83,0.0,0000000000000000000000000000000000000000000000000,1019.75,28.09
2025-06-18 04:00:00,65436368.0,23.513,416.0,141.18,0.43,81,396.82,45.05,339.07,453.25,18.7,328.74,167.98,18.54,0.0,65.51,7,15.04,1,0.0,0.0,15.29,0.11,0.0,13,50.22,98.54,2.66,0.04,120.91,283.56,95.64,22.37,21.14,0,0.28,0,18.57,0.04,0000000000000000000000000000000000000000000000000,1020.1,218.97
2025-06-18 05:00:00,65437140.0,25.066,772.0,234.365,0.54,72,257.22,158.44,441.72,403.79,22.31,553.03,336.64,19.47,0.0,162.62,4,104.83,1,0.0,0.0,53.85,0.51,0.0,17,108.77,107.46,3.28,0.58,196.49,330.93,252.76,89.03,23.71,0,0.77,0,20.07,0.3,0000000000000000000000000000000000000000000000000,1020.44,443.16
2025-06-18 06:00:00,65438288.0,27.351,1148.0,371.414,0.67,65,548.53,353.37,542.44,669.63,26.27,764.87,505.31,20.73,0.0,287.3,7,251.22,1,0.0,0.0,85.08,1.4,0.0,24,202.22,316.94,3.61,0.85,383.74,396.35,423.16,66.79,29.96,0,0.9,1,21.67,0.93,0000000000000000000000000000000000000000000000000,1020.79,662.37
2025-06-18 07:00:00,65439848.0,28.637,1560.0,500.254,0.67,58,459.59,470.28,663.73,654.42,31.21,949.83,656.43,21.99,0.0,427.55,4,416.4,1,0.0,0.0,100.45,1.87,0.0,26,327.09,329.77,3.21,0.92,464.34,504.08,584.15,134.57,33.97,0,0.94,2,22.87,1.67,0000000000000000000000000000000000000000000000000,1020.66,861.69
2025-06-18 08:00:00,65441976.0,29.983,2128.0,699.258,0.67,51,576.86,667.53,720.17,779.36,36.38,1095.31,776.96,23.12,0.0,549.71,7,569.89,1,0.0,0.0,128.36,2.66,0.0,26,421.34,477.32,2.94,0.94,631.97,541.41,720.66,154.65,40.04,0,0.95,4,23.9,2.29,0000000000000000000000000000000000000000000000000,1020.53,1027.53
2025-06-18 09:00:00,65445080.0,30.882,3104.0,930.263,0.65,46,631.48,862.18,842.45,901.98,42.52,1191.4,857.23,25.39,0.0,719.29,1,768.97,1,0.0,0.0,192.82,3.33,0.0,19,526.46,568.36,2.23,0.95,800.61,606.36,821.39,232.25,46.79,0,0.95,6,24.9,3.03,0000000000000000000000000000000000000000000000000,1020.4,1148.6
2025-06-18 10:00:00,65448016.0,32.103,2936.0,956.162,0.63,43,698.15,1025.5,966.82,1029.49,49.04,1231.56,950.55,27.7,0.0,880.13,1,949.28,1,0.0,0.0,274.06,3.87,0.0,4,606.06,649.54,1.79,0.95,950.55,659.23,893.85,301.01,52.6,0,0.95,7,25.9,3.63,0000000000000000000000000000000000000000000000000,1019.98,1216.65
2025-06-18 11:00:00,65450520.0,32.465,2504.0,856.032,0.63,42,675.31,977.6,1015.25,999.96,52.15,1213.06,909.03,29.04,0.0,933.69,1,1006.84,1,0.0,0.0,296.24,3.68,0.0,346,637.45,618.86,1.42,0.95,909.03,687.64,933.69,290.18,52.89,0,0.95,8,26.83,3.8,0000000000000000000000000000000000000000000000000,1019.57,1227.05
2025-06-18 12:00:00,65452832.0,33.153,2312.0,744.284,0.63,41,653.2,884.14,990.04,977.75,51.99,1137.15,837.09,29.77,0.0,876.36,1,935.14,1,0.0,0.0,283.77,3.33,0.0,331,592.58,561.14,1.5,0.95,837.09,665.14,876.36,275.95,51.63,0,0.95,7,27.77,3.53,0000000000000000000000000000000000000000000000000,1019.15,1179.09
2025-06-18 13:00:00,65455148.0,34.482,2316.0,680.809,0.63,41,625.66,744.84,963.14,944.47,50.21,1009.01,730.65,29.82,0.0,786.44,1,817.53,1,0.0,0.0,265.7,2.8,0.0,321,520.74,476.92,1.84,0.95,730.65,640.32,786.44,253.73,48.77,0,0.94,6,28.43,3.08,0000000000000000000000000000000000000000000000000,1018.68,1076.05
2025-06-18 14:00:00,65456596.0,35.681,1448.0,477.325,0.62,41,573.79,551.68,903.74,861.7,46.65,837.38,576.96,29.97,0.0,654.7,7,648.23,1,0.0,0.0,234.62,2.04,0.0,325,420.08,362.98,1.62,0.93,576.96,600.37,654.7,213.97,45.36,0,0.92,4,29.03,2.43,0000000000000000000000000000000000000000000000000,1018.21,924.94
2025-06-18 15:00:00,65457424.0,37.493,828.0,283.214,0.57,42,500.56,332.94,795.61,728.85,42.72,633.95,400.72,29.53,0.0,482.73,7,439.93,1,0.0,0.0,184.05,1.14,0.0,321,298.68,239.73,1.7,0.89,391.46,535.44,485.38,151.73,40.08,0,0.84,2,29.07,1.58,0000000000000000000000000000000000000000000000000,1017.74,736.06
2025-06-18 16:00:00,65457680.0,37.204,256.0,102.507,0.43,43,419.72,144.96,663.21,590.84,37.75,412.57,229.52,29.79,0.0,308.33,20,236.14,1,0.0,0.0,124.81,0.37,0.0,309,183.52,130.82,1.46,0.72,227.56,462.25,313.52,96.74,35.79,0,0.54,1,29.0,0.72,0000000000000000000000000000000000000000000000000,1017.71,522.29
2025-06-18 17:00:00,65457720.0,31.222,40.0,22.303,0.43,47,280.37,22.41,487.07,379.04,33.42,188.35,74.71,29.54,0.0,142.87,2,66.37,1,0.0,0.0,60.8,0.06,0.0,303,82.07,39.89,0.84,0.19,69.64,355.64,147.97,29.75,31.44,0,0.0,0,28.07,0.17,0000000000000000000000000000000000000000000000000,1017.68,298.19
2025-06-18 18:00:00,65457720.0,24.598,0.0,2.511,0.43,57,0.0,0.0,178.21,0.0,30.16,0.0,0.0,27.92,0.0,24.79,2,8.52,1,0.0,0.0,11.31,0.0,0.0,319,13.48,0.0,0.23,0.0,0.0,128.8,25.42,0.0,28.19,0,0.0,0,25.7,0.02,0000000000000000000000000000000000000000000000000,1017.65,80.58
2025-06-18 19:00:00,65457720.0,21.864,0.0,2.504,0.43,69,0.0,0.0,0.0,0.0,28.14,0.0,0.0,25.38,0.0,0.0,2,0.0,0,0.0,0.0,0.0,0.0,0.0,336,0.0,0.0,0.51,0.0,0.0,0.0,0.0,0.0,25.33,0,0.0,0,23.13,0.0,0000000000000000000000000000000000000000000000000,1017.78,0.0
2025-06-18 20:00:00,65457720.0,20.415,0.0,2.489,0.43,80,0.0,0.0,0.0,0.0,25.29,0.0,0.0,22.9,0.0,0.0,13,0.0,0,0.0,0.0,0.0,0.0,0.0,174,0.0,0.0,0.83,0.0,0.0,0.0,0.0,0.0,22.7,0,0.0,0,20.87,0.0,0000000000000000000000000000000000000000000000000,1017.92,0.0
2025-06-18 21:00:00,65457720.0,19.703,0.0,2.474,0.43,82,0.0,0.0,0.0,0.0,22.68,0.0,0.0,21.76,0.0,0.0,13,0.0,0,0.0,0.0,0.0,0.0,0.0,177,0.0,0.0,1.22,0.0,0.0,0.0,0.0,0.0,21.43,0,0.0,0,20.13,0.0,0000000000000000000000000000000000000000000000000,1018.05,0.0
2025-06-18 22:00:00,65457720.0,19.624,0.0,2.482,0.43,79,0.0,0.0,0.0,0.0,21.42,0.0,0.0,21.32,0.0,0.0,1,0.0,0,0.0,0.0,0.0,0.0,0.0,193,0.0,0.0,1.48,0.0,0.0,0.0,0.0,0.0,20.99,0,0.0,0,20.1,0.0,0000000000000000000000000000000000000000000000000,1018.04,0.0
2025-06-18 23:00:00,65457720.0,18.739,0.0,2.484,0.43,75,0.0,0.0,0.0,0.0,20.99,0.0,0.0,21.25,0.0,0.0,4,0.0,0,0.0,0.0,0.0,0.0,0.0,211,0.0,0.0,1.53,0.0,0.0,0.0,0.0,0.0,21.1,0,0.0,0,20.3,0.0,0000000000000000000000000000000000000000000000000,1018.03,0.0
2025-06-19 00:00:00,65457720.0,18.001,0.0,2.485,0.43,74,0.0,0.0,0.0,0.0,21.09,0.0,0.0,20.94,0.0,0.0,1,0.0,0,0.0,0.0,0.0,0.0,0.0,215,0.0,0.0,1.74,0.0,0.0,0.0,0.0,0.0,20.73,0,0.0,0,20.23,0.0,0000000000000000000000000000000000000000000000000,1018.02,0.0
2025-06-19 01:00:00,65457720.0,17.312,0.0,2.47,0.43,78,0.0,0.0,0.0,0.0,20.7,0.0,0.0,19.87,0.0,0.0,1,0.0,0,0.0,0.0,0.0,0.0,0.0,225,0.0,0.0,2.12,0.0,0.0,0.0,0.0,0.0,19.43,0,0.0,0,19.47,0.0,0000000000000000000000000000000000000000000000000,1017.73,0.0
2025-06-19 02:00:00,65457728.0,17.353,8.0,10.416,0.43,80,0.0,0.0,0.0,0.0,19.43,0.0,0.0,19.64,0.0,0.0,13,0.0,1,0.0,0.0,0.0,0.0,0.0,244,0.0,0.0,1.81,0.0,0.0,0.0,0.0,0.0,19.44,0,0.0,0,19.0,0.0,0000000000000000000000000000000000000000000000000,1017.43,0.0
2025-06-19 03:00:00,65457828.0,20.511,100.0,48.82,0.43,81,178.66,7.4,49.37,230.97,19.6,106.98,30.97,19.77,0.0,5.27,13,1.51,1,0.0,0.0,1.94,0.02,0.0,259,3.33,15.57,1.52,0.0,25.04,38.19,6.58,9.47,20.5,0,0.0,0,18.9,0.0,0000000000000000000000000000000000000000000000000,1017.14,27.96
2025-06-19 04:00:00,65458168.0,26.96,340.0,141.342,0.43,79,431.48,93.44,420.21,592.6,22.54,328.33,191.42,21.02,0.0,97.34,1,36.09,1,0.0,0.0,42.76,0.24,0.0,263,54.57,107.03,1.51,0.04,191.42,310.64,100.09,84.39,26.15,0,0.28,0,19.93,0.09,0000000000000000000000000000000000000000000000000,1017.13,218.62
2025-06-19 05:00:00,65459232.0,32.962,1064.0,329.878,0.54,74,525.27,293.43,684.04,759.46,28.73,552.56,371.68,22.88,0.0,283.11,1,192.99,1,0.0,0.0,119.89,0.93,0.0,250,163.22,219.29,1.9,0.58,371.68,484.08,283.11,152.4,32.3,0,0.77,0,21.73,0.54,0000000000000000000000000000000000000000000000000,1017.12,442.71
2025-06-19 06:00:00,65460916.0,33.27,1684.0,532.361,0.62,65,604.95,520.07,834.55,899.95,35.1,764.39,564.32,25.58,0.0,470.21,4,408.24,1,0.0,0.0,185.26,1.91,0.0,256,284.95,349.37,2.27,0.85,564.32,567.69,470.21,214.94,39.67,0,0.9,1,24.43,1.44,0000000000000000000000000000000000000000000000000,1017.11,661.9
2025-06-19 07:00:00,65463052.0,34.837,2136.0,681.182,0.63,55,640.58,710.46,935.77,963.01,41.9,949.39,712.88,28.05,0.0,642.91,7,619.98,1,0.0,0.0,236.0,2.68,0.0,276,406.91,459.49,2.69,0.92,712.88,624.72,642.91,253.4,45.49,0,0.94,2,26.87,2.33,0000000000000000000000000000000000000000000000000,1016.7,861.23
2025-06-19 08:00:00,65465584.0,35.758,2532.0,835.854,0.64,46,625.54,814.32,955.65,941.59,46.58,1094.97,778.71,29.7,0.0,751.18,1,769.15,1,0.0,0.0,258.87,3.09,0.0,272,492.31,517.5,3.0,0.94,778.71,634.57,751.18,261.2,48.62,0,0.95,4,28.73,2.92,0000000000000000000000000000000000000000000000000,1016.29,1027.14
2025-06-19 09:00:00,65468776.0,36.597,3192.0,966.694,0.63,41,680.04,965.37,977.73,1009.9,50.47,1191.21,902.98,30.6,0.0,844.97,1,895.04,1,0.0,0.0,277.09,3.65,0.0,267,567.88,612.05,3.84,0.95,902.98,654.15,844.97,290.94,51.88,0,0.95,6,29.87,3.39,0000000000000000000000000000000000000000000000000,1015.88,1148.34
2025-06-19 10:00:00,65471612.0,37.106,2836.0,946.816,0.63,39,698.14,1025.39,1020.79,1029.46,52.67,1231.56,950.64,31.17,0.0,931.42,1,1001.47,1,0.0,0.0,296.83,3.87,0.0,264,634.59,649.62,4.51,0.95,950.64,690.35,931.42,301.02,52.91,0,0.95,7,30.63,3.78,0000000000000000000000000000000000000000000000000,1015.28,1216.55
2025-06-19 11:00:00,65474468.0,37.44,2856.0,951.761,0.64,38,665.7,964.31,1008.18,986.14,52.26,1213.26,896.29,31.75,0.0,927.2,1,999.94,1,0.0,0.0,294.14,3.64,0.0,264,633.05,610.23,4.56,0.95,896.29,682.73,927.2,286.07,51.95,0,0.95,8,31.3,3.78,0000000000000000000000000000000000000000000000000,1014.68,1227.15
2025-06-19 12:00:00,65477072.0,38.068,2604.0,845.053,0.64,38,631.1,846.84,961.96,936.96,50.69,1137.56,812.8,32.12,0.0,850.69,10,908.91,1,0.0,0.0,274.04,3.22,0.0,264,576.65,542.42,4.44,0.95,799.79,646.93,853.48,257.37,49.96,0,0.95,7,31.87,3.44,0000000000000000000000000000000000000000000000000,1014.08,1179.4
2025-06-19 13:00:00,65479436.0,37.853,2364.0,693.404,0.63,37,603.81,717.87,926.22,911.24,48.7,1009.62,706.46,32.62,0.0,754.0,1,785.46,1,0.0,0.0,250.83,2.71,0.0,269,503.17,460.61,4.06,0.95,702.93,618.33,762.01,242.33,48.34,0,0.94,6,32.4,2.98,0000000000000000000000000000000000000000000000000,1013.39,1076.56
2025-06-19 14:00:00,65480872.0,37.227,1436.0,474.167,0.62,37,561.49,539.41,877.41,842.56,46.43,838.16,565.47,32.3,0.0,634.66,1,628.99,1,0.0,0.0,226.14,2.0,0.0,266,408.52,355.58,3.77,0.93,563.77,583.46,637.24,208.19,44.84,0,0.92,4,32.37,2.36,0000000000000000000000000000000000000000000000000,1012.69,925.64
2025-06-19 15:00:00,65481688.0,38.518,816.0,289.855,0.57,38,501.49,335.4,789.18,731.93,42.46,634.85,401.6,31.96,0.0,478.39,7,436.01,1,0.0,0.0,181.17,1.14,0.0,257,297.22,240.55,3.5,0.89,394.11,532.43,483.5,153.55,40.42,0,0.84,3,32.27,1.57,0000000000000000000000000000000000000000000000000,1012.0,736.91
2025-06-19 16:00:00,65481964.0,38.008,276.0,107.955,0.43,38,419.39,143.45,662.48,587.4,38.01,413.55,230.35,31.66,0.0,308.15,4,236.12,1,0.0,0.0,124.19,0.37,0.0,253,183.96,131.05,3.31,0.72,225.55,462.43,314.39,94.5,35.61,0,0.54,1,31.87,0.72,0000000000000000000000000000000000000000000000000,1012.04,523.24
2025-06-19 17:00:00,65481992.0,33.554,28.0,24.184,0.43,43,281.0,22.32,486.11,379.39,33.29,189.34,75.35,31.47,0.0,142.24,4,65.85,1,0.0,0.0,59.87,0.06,0.0,253,82.36,40.2,2.0,0.19,69.86,355.75,148.72,29.66,31.99,0,0.0,0,30.53,0.17,0000000000000000000000000000000000000000000000000,1012.08,299.18
2025-06-19 18:00:00,65481992.0,27.401,0.0,2.548,0.43,52,0.0,0.0,177.14,0.0,30.69,0.0,0.0,29.63,0.0,24.58,4,8.3,1,0.0,0.0,11.06,0.0,0.0,242,13.52,0.0,1.82,0.0,0.0,128.46,25.54,0.0,28.15,0,0.0,0,28.23,0.02,0000000000000000000000000000000000000000000000000,1012.12,81.45
2025-06-19 19:00:00,65481992.0,24.262,0.0,2.518,0.43,65,0.0,0.0,0.0,0.0,28.1,0.0,0.0,26.96,0.0,0.0,22,0.0,0,0.0,0.0,0.0,0.0,0.0,257,0.0,0.0,1.74,0.0,0.0,0.0,0.0,0.0,25.34,0,0.0,0,25.13,0.0,0000000000000000000000000000000000000000000000000,1012.25,0.0
2025-06-19 20:00:00,65481992.0,23.412,0.0,2.519,0.43,70,0.0,0.0,0.0,0.0,25.31,0.0,0.0,24.88,0.0,0.0,4,0.0,0,0.0,0.0,0.0,0.0,0.0,275,0.0,0.0,1.83,0.0,0.0,0.0,0.0,0.0,23.54,0,0.0,0,23.37,0.0,0000000000000000000000000000000000000000000000000,1012.39,0.0
2025-06-19 21:00:00,65481992.0,24.381,0.0,2.536,0.43,73,0.0,0.0,0.0,0.0,23.52,0.0,0.0,23.26,0.0,0.0,7,0.0,0,0.0,0.0,0.0,0.0,0.0,300,0.0,0.0,1.97,0.0,0.0,0.0,0.0,0.0,22.13,0,0.0,0,22.1,0.0,0000000000000000000000000000000000000000000000000,1012.52,0.0
2025-06-19 22:00:00,65481992.0,24.989,0.0,2.561,0.43,71,0.0,0.0,0.0,0.0,22.13,0.0,0.0,22.86,0.0,0.0,22,0.0,0,0.0,0.0,0.0,0.0,0.0,325,0.0,0.0,2.17,0.0,0.0,0.0,0.0,0.0,21.79,0,0.0,0,22.07,0.0,0000000000000000000000000000000000000000000000000,1012.52,0.0
2025-06-19 23:00:00,65481992.0,24.497,0.0,2.533,0.43,71,0.0,0.0,0.0,0.0,21.79,0.0,0.0,22.67,0.0,0.0,22,0.0,0,0.0,0.0,0.0,0.0,0.0,344,0.0,0.0,1.89,0.0,0.0,0.0,0.0,0.0,21.97,0,0.0,0,21.8,0.0,0000000000000000000000000000000000000000000000000,1012.51,0.0
